seq	Neq_R1	Neq_R2	Neq_R3
H	1.0	1.0	1.0
M	1.0	1.0	1.0
T	2.314	2.072	1.99
I	1.411	1.326	1.333
P	1.774	1.232	1.553
G	1.001	1.0	1.0
R	1.005	1.0	1.0
F	1.0	1.0	1.0
M	1.002	1.0	1.002
T	1.092	1.0	1.004
I	2.105	1.778	2.0
D	1.026	1.0	1.0
K	1.001	1.021	1.004
G	1.0	1.0	1.0
T	1.225	1.223	1.29
F	1.007	1.002	1.004
G	1.0	1.0	1.0
E	1.0	1.0	1.0
Y	1.0	1.0	1.0
T	1.0	1.0	1.0
A	1.003	1.009	1.003
S	1.005	1.004	1.001
T	1.001	1.0	1.0
R	1.0	1.0	1.0
W	1.001	1.0	1.0
P	1.0	1.0	1.0
I	1.0	1.0	1.0
I	1.0	1.0	1.0
I	1.0	1.0	1.0
Q	1.0	1.0	1.0
N	1.0	1.0	1.0
A	1.0	1.0	1.0
I	1.0	1.0	1.0
D	1.0	1.0	1.0
D	1.0	1.0	1.0
L	1.0	1.0	1.0
S	1.0	1.0	1.0
K	1.0	1.0	1.0
H	1.0	1.0	1.0
Q	1.0	1.0	1.0
E	1.011	1.0	1.001
T	2.67	2.216	2.839
E	1.073	1.161	1.679
K	2.0	2.522	2.686
S	1.755	1.326	2.389
N	2.412	3.356	3.258
G	1.507	1.302	1.229
T	1.235	1.035	1.821
K	1.019	1.001	1.193
F	1.0	1.0	1.0
E	1.0	1.0	1.0
Q	1.0	1.0	1.0
G	1.0	1.0	1.0
E	1.0	1.0	1.0
V	1.0	1.0	1.0
I	1.0	1.0	1.0
K	1.0	1.0	1.0
K	1.0	1.0	1.0
E	1.0	1.0	1.0
L	1.0	1.0	1.0
K	1.0	1.0	1.0
E	1.0	1.0	1.0
F	1.0	1.0	1.0
R	1.0	1.0	1.0
Q	1.0	1.0	1.0
E	1.0	1.0	1.0
I	1.0	1.0	1.0
I	1.0	1.0	1.0
D	1.0	1.0	1.0
R	1.0	1.0	1.0
V	1.0	1.0	1.0
P	1.597	1.358	1.523
L	1.001	1.001	1.004
R	1.0	1.0	1.0
P	1.0	1.001	1.003
F	1.0	1.002	1.0
T	1.0	1.0	1.0
E	1.0	1.0	1.0
E	1.0	1.0	1.0
E	1.0	1.0	1.0
I	1.0	1.0	1.0
K	1.0	1.0	1.001
I	1.0	1.0	1.0
A	1.0	1.0	1.0
N	1.001	1.0	1.0
V	1.001	1.0	1.0
P	1.0	1.002	1.0
L	1.0	1.001	1.0
S	1.0	1.001	1.0
F	1.0	1.001	1.0
N	1.0	1.0	1.0
E	1.0	1.0	1.0
Y	1.001	1.0	1.002
L	1.002	1.0	1.035
K	1.03	1.002	1.956
K	2.043	2.419	4.276
H	1.026	1.165	1.375
P	1.674	1.539	1.888
E	1.044	1.197	1.161
V	1.102	1.211	1.185
N	1.0	1.001	1.0
W	1.003	1.004	1.009
G	1.0	1.115	1.011
A	2.501	1.253	1.998
V	1.067	1.015	1.085
E	1.003	1.0	1.001
W	1.0	1.0	1.0
L	1.0	1.0	1.0
F	1.0	1.0	1.0
S	1.0	1.0	1.0
E	1.0	1.0	1.0
V	1.0	1.0	1.0
Y	1.0	1.0	1.0
L	1.0	1.0	1.0
Y	1.0	1.0	1.0
R	1.0	1.0	1.0
R	1.0	1.0	1.0
V	1.0	1.0	1.0
N	1.0	1.0	1.0
V	1.0	1.0	1.0
L	1.0	1.0	1.0
F	1.0	1.0	1.705
Q	1.0	1.0	1.589
R	1.459	1.422	1.354
Q	1.216	1.298	2.385
C	1.29	1.233	1.135
E	1.003	1.0	1.015
W	1.059	1.013	1.001
A	1.553	1.066	1.032
K	4.73	4.305	4.368
F	1.54	1.016	1.039
D	1.057	1.034	1.036
I	1.033	1.0	1.0
F	1.031	1.0	1.0
N	1.0	1.0	1.0
R	1.001	1.0	1.0
L	1.0	1.0	1.0
K	1.0	1.0	1.0
Q	1.0	1.0	1.0
S	1.001	1.0	1.0
T	1.0	1.0	1.0
F	1.0	1.0	1.0
E	1.001	1.0	1.0
S	1.015	1.002	1.011
S	1.0	1.0	1.0
F	1.002	1.0	1.0
Y	1.004	1.004	1.0
G	1.0	1.0	1.0
V	1.0	1.0	1.0
V	1.0	1.0	1.0
E	1.0	1.0	1.0
L	1.0	1.0	1.0
A	1.0	1.0	1.0
L	1.0	1.0	1.0
R	1.0	1.0	1.0
Y	1.0	1.0	1.0
E	1.0	1.0	1.0
N	1.0	1.0	1.0
L	1.0	1.0	1.0
L	1.0	1.0	1.0
P	1.0	1.0	1.0
Q	1.0	1.0	1.0
L	1.0	1.0	1.0
R	1.0	1.0	1.0
E	1.0	1.0	1.0
M	1.001	1.0	1.0
K	1.022	1.07	1.009
Q	3.024	3.254	2.635
N	3.259	2.508	2.246
P	2.829	2.634	2.362
G	3.118	2.41	3.469
N	2.346	2.916	3.843
E	2.44	2.612	3.048
I	1.477	1.928	3.894
D	1.444	1.828	2.472
D	1.0	1.037	2.17
I	1.0	1.004	1.907
L	1.0	1.0	1.325
K	1.0	1.0	1.0
V	1.0	1.0	1.0
L	1.0	1.0	1.0
F	1.0	1.0	1.0
K	1.0	1.0	1.0
E	1.0	1.0	1.0
F	1.0	1.0	1.0
I	1.0	1.0	1.0
E	1.0	1.0	1.0
I	1.0	1.0	1.0
S	1.0	1.0	1.0
L	1.057	1.002	1.049
W	1.491	1.336	1.586
G	1.014	1.102	1.011
N	1.02	1.125	1.012
A	3.655	4.515	3.82
T	1.115	1.25	1.088
D	1.002	1.218	1.079
L	1.0	1.015	1.0
S	1.0	1.25	1.0
L	1.0	2.098	1.076
L	1.0	1.906	1.08
T	2.882	3.345	2.387
N	2.419	4.618	2.675
A	1.863	1.87	1.948
T	1.426	1.151	1.3
L	1.418	1.169	1.236
E	1.0	1.0	1.0
D	1.0	1.0	1.0
I	1.001	1.002	1.002
K	2.965	2.539	3.222
S	1.33	1.139	1.382
I	1.278	1.26	1.081
Q	1.001	1.0	1.0
G	1.0	1.0	1.0
A	1.0	1.0	1.0
K	1.0	1.0	1.0
A	1.0	1.0	1.0
R	1.0	1.0	1.0
A	1.0	1.0	1.0
A	1.0	1.0	1.003
S	1.0	1.001	1.0
E	1.0	1.0	1.001
S	1.0	1.0	1.001
K	2.327	2.327	2.456
I	1.754	1.835	1.681
V	1.049	1.029	1.023
V	2.41	2.277	2.13
N	1.019	1.029	1.007
D	1.029	1.026	1.028
T	1.045	1.045	1.054
E	1.009	1.007	1.008
K	1.0	1.0	1.0
A	1.0	1.0	1.0
W	1.0	1.0	1.0
E	1.0	1.0	1.0
V	1.001	1.0	1.0
L	1.0	1.0	1.001
T	1.0	1.0	1.0
K	1.0	1.0	1.0
A	1.0	1.001	1.0
R	1.0	1.002	1.0
A	1.733	1.785	2.119
D	1.972	2.1	2.11
A	1.301	1.378	1.266
N	1.433	1.769	1.554
S	3.105	3.044	3.604
R	2.125	2.282	2.891
E	1.384	1.573	2.329
I	1.019	1.213	1.566
R	1.107	1.041	1.27
V	1.002	1.002	1.001
D	1.0	1.0	1.0
F	1.0	1.0	1.0
V	1.0	1.0	1.0
L	1.078	1.0	1.068
D	1.145	1.001	1.092
N	1.54	1.623	1.507
S	2.028	2.009	1.945
G	1.051	1.013	1.026
F	1.209	1.036	1.101
E	1.752	1.748	1.489
L	1.0	1.0	1.0
Y	1.0	1.0	1.0
A	1.0	1.0	1.0
D	1.0	1.0	1.0
L	1.0	1.0	1.0
M	1.0	1.0	1.0
L	1.0	1.0	1.0
A	1.0	1.0	1.0
A	1.0	1.0	1.0
F	1.0	1.0	1.0
L	1.0	1.0	1.0
L	1.0	1.0	1.0
Q	1.0	1.0	1.0
S	1.0	1.0	1.0
G	1.566	1.485	1.436
L	1.017	1.012	1.014
A	3.006	2.978	2.604
T	1.055	1.084	1.092
K	1.054	1.025	1.014
C	1.0	1.0	1.0
I	1.0	1.0	1.0
F	1.001	1.0	1.0
H	1.0	1.0	1.0
A	1.0	1.0	1.0
K	1.0	1.0	1.0
D	1.0	1.001	1.0
I	1.631	1.863	1.375
P	2.703	2.942	1.245
Y	1.83	3.289	2.183
M	1.005	2.616	1.992
V	2.782	3.995	2.544
S	1.001	2.859	1.992
D	1.031	1.028	1.987
V	1.022	1.003	1.073
M	1.0	1.0	1.0
L	1.0	1.0	1.0
K	1.0	1.0	1.0
D	1.0	1.0	1.0
F	1.0	1.0	1.0
D	1.0	1.0	1.0
I	1.0	1.0	1.0
L	1.0	1.0	1.0
V	1.0	1.0	1.0
H	1.0	1.0	1.0
D	1.0	1.0	1.0
L	1.0	1.0	1.0
R	1.77	2.152	2.233
D	1.997	2.026	2.029
R	1.117	1.234	1.288
E	1.0	1.013	1.0
F	3.599	2.687	3.927
F	2.038	3.216	2.397
P	2.939	4.561	4.42
S	1.403	5.386	2.82
G	1.948	4.691	2.606
E	1.441	3.99	1.74
P	1.018	2.951	1.077
S	2.012	2.9	1.952
T	1.482	3.146	1.584
K	1.021	1.03	1.011
E	1.0	1.001	1.0
S	1.0	1.0	1.0
R	1.0	1.0	1.0
A	1.0	1.0	1.0
L	1.0	1.0	1.0
D	1.0	1.0	1.0
L	1.0	1.0	1.0
F	1.0	1.0	1.0
A	1.0	1.0	1.0
G	1.0	1.0	1.0
E	1.0	1.0	1.0
M	1.0	1.0	1.0
E	1.0	1.0	1.0
K	1.0	1.0	1.0
F	1.0	1.0	1.0
V	1.0	1.0	1.0
S	1.0	1.0	1.0
S	1.0	1.0	1.0
G	1.86	1.725	1.768
K	1.025	1.015	1.019
I	1.095	1.037	1.055
E	1.0	1.0	1.0
F	1.0	1.0	1.0
R	1.0	1.0	1.0
E	1.0	1.0	1.0
D	1.0	1.0	1.0
S	1.0	1.0	1.0
F	1.0	1.0	1.0
W	1.0	1.0	1.002
T	2.052	2.397	2.23
T	1.276	1.432	1.38
E	1.803	1.378	1.02
L	1.247	1.188	1.213
D	1.653	1.825	1.962
Y	1.001	1.0	1.002
W	1.974	1.013	1.016
N	4.255	4.443	3.697
L	1.018	1.075	1.071
D	1.019	1.177	1.045
A	1.045	1.024	1.183
N	1.984	1.529	2.2
E	2.612	2.916	2.596
T	1.26	1.219	1.465
K	1.544	1.766	2.001
Y	1.005	1.018	1.017
H	1.752	1.612	1.991
G	1.113	1.021	1.015
S	1.884	1.173	1.076
I	1.008	1.0	1.0
L	1.0	1.0	1.0
H	1.0	1.0	1.0
K	1.0	1.0	1.0
D	1.0	1.0	1.0
L	1.0	1.0	1.0
Q	1.0	1.0	1.0
K	1.188	1.07	1.173
S	1.993	2.11	1.875
N	1.143	1.144	1.129
L	1.04	1.04	1.025
V	1.0	1.0	1.001
I	1.0	1.001	1.0
F	1.0	1.0	1.0
K	1.834	1.986	1.883
G	1.0	1.0	1.0
D	1.006	1.006	1.006
L	1.0	1.0	1.0
N	1.0	1.0	1.0
Y	1.0	1.0	1.0
R	1.0	1.0	1.0
K	1.0	1.0	1.0
L	1.0	1.0	1.0
T	1.093	1.253	1.29
G	1.581	2.0	1.998
D	1.968	1.717	1.802
R	1.0	1.0	1.0
K	2.547	2.336	2.407
W	1.0	1.0	1.0
P	1.0	1.0	1.0
R	1.01	1.003	1.008
T	1.219	1.334	1.176
T	1.208	1.274	1.19
K	1.0	1.0	1.0
W	1.0	1.0	1.0
E	1.0	1.0	1.0
T	1.0	1.001	1.0
A	1.12	1.279	1.09
I	1.723	1.989	1.99
G	1.161	1.19	1.066
P	1.009	1.066	1.007
L	2.0	1.607	1.529
A	1.001	1.009	1.038
T	1.0	1.001	1.001
N	1.0	1.0	1.001
G	1.0	1.0	1.0
I	1.0	1.0	1.001
T	1.04	1.042	1.045
S	1.0	1.0	1.0
L	1.011	1.0	1.004
S	1.0	1.0	1.0
L	1.0	1.0	1.0
R	1.0	1.0	1.003
T	1.003	1.004	1.005
C	1.094	1.014	1.059
K	1.009	1.001	1.001
A	1.286	1.006	1.116
D	1.266	1.095	1.2
V	1.856	1.631	1.92
Q	1.373	1.448	1.353
V	1.0	1.0	1.0
A	1.0	1.0	1.0
L	1.0	1.001	1.002
P	1.157	1.091	1.11
E	1.0	1.0	1.0
G	1.437	1.419	1.444
L	1.001	1.001	1.0
D	1.008	1.009	1.002
A	1.0	1.0	1.0
K	1.0	1.0	1.0
L	1.0	1.0	1.0
S	1.0	1.0	1.0
Q	1.0	1.0	1.0
E	1.0	1.0	1.0
W	1.0	1.0	1.0
E	1.0	1.0	1.0
K	1.147	1.079	1.054
E	2.369	3.427	3.202
N	1.115	3.228	2.705
P	1.264	3.178	3.121
G	1.665	3.621	3.503
R	1.477	2.402	2.529
G	1.451	2.087	2.024
S	1.466	1.95	1.937
W	1.441	1.0	1.0
W	1.202	1.002	1.013
C	1.359	1.185	1.219
C	1.0	1.0	1.0
S	1.0	1.0	1.0
G	1.307	1.2	1.322
K	1.013	1.0	1.001
W	1.0	1.0	1.011
A	1.0	1.0	1.001
V	1.0	1.001	1.0
I	1.0	1.0	1.0
C	1.0	1.0	1.0
F	1.013	1.002	1.002
C	2.01	1.174	1.214
S	2.281	1.385	1.463
G	4.261	1.714	3.045
I	3.193	1.032	3.899
H	1.0	1.0	1.0
K	1.0	1.0	1.0
