UnP_seq	PDB_seq	PDB_num	CIF_num	UnP_num	gap	hetatm	corrected	no_fullbb	no_ca
H	H	0	1	1	0	0	0	0	0
M	M	1	2	2	0	1	1	0	0
T	T	2	3	3	0	0	0	0	0
I	I	3	4	4	0	0	0	0	0
P	P	4	5	5	0	0	0	0	0
G	G	5	6	6	0	0	0	0	0
R	R	6	7	7	0	0	0	0	0
F	F	7	8	8	0	0	0	0	0
M	M	8	9	9	0	1	1	0	0
T	T	9	10	10	0	0	0	0	0
I	I	10	11	11	0	0	0	0	0
D	D	11	12	12	0	0	0	0	0
K	K	12	13	13	0	0	0	0	0
G	G	13	14	14	0	0	0	0	0
T	T	14	15	15	0	0	0	0	0
F	F	15	16	16	0	0	0	0	0
G	G	16	17	17	0	0	0	0	0
E	E	17	18	18	0	0	0	0	0
Y	Y	18	19	19	0	0	0	0	0
T	T	19	20	20	0	0	0	0	0
A	A	20	21	21	0	0	0	0	0
S	S	21	22	22	0	0	0	0	0
T	T	22	23	23	0	0	0	0	0
R	R	23	24	24	0	0	0	0	0
W	W	24	25	25	0	0	0	0	0
P	P	25	26	26	0	0	0	0	0
I	I	26	27	27	0	0	0	0	0
I	I	27	28	28	0	0	0	0	0
I	I	28	29	29	0	0	0	0	0
Q	Q	29	30	30	0	0	0	0	0
N	N	30	31	31	0	0	0	0	0
A	A	31	32	32	0	0	0	0	0
I	I	32	33	33	0	0	0	0	0
D	D	33	34	34	0	0	0	0	0
D	D	34	35	35	0	0	0	0	0
L	L	35	36	36	0	0	0	0	0
S	S	36	37	37	0	0	0	0	0
K	K	37	38	38	0	0	0	0	0
H	H	38	39	39	0	0	0	0	0
Q	Q	39	40	40	0	0	0	0	0
E	E	40	41	41	0	0	0	0	0
T	T	41	42	42	0	0	0	0	0
E	E	42	43	43	0	0	0	0	0
K	K	43	44	44	0	0	0	0	0
S	S	44	45	45	0	0	0	0	0
N	N	45	46	46	0	0	0	0	0
G	G	46	47	47	0	0	0	0	0
T	T	47	48	48	0	0	0	0	0
K	K	48	49	49	0	0	0	0	0
F	F	49	50	50	0	0	0	0	0
E	E	50	51	51	0	0	0	0	0
Q	Q	51	52	52	0	0	0	0	0
G	G	52	53	53	0	0	0	0	0
E	E	53	54	54	0	0	0	0	0
V	V	54	55	55	0	0	0	0	0
I	I	55	56	56	0	0	0	0	0
K	K	56	57	57	0	0	0	0	0
K	K	57	58	58	0	0	0	0	0
E	E	58	59	59	0	0	0	0	0
L	L	59	60	60	0	0	0	0	0
K	K	60	61	61	0	0	0	0	0
E	E	61	62	62	0	0	0	0	0
F	F	62	63	63	0	0	0	0	0
R	R	63	64	64	0	0	0	0	0
Q	Q	64	65	65	0	0	0	0	0
E	E	65	66	66	0	0	0	0	0
I	I	66	67	67	0	0	0	0	0
I	I	67	68	68	0	0	0	0	0
D	D	68	69	69	0	0	0	0	0
R	R	69	70	70	0	0	0	0	0
V	V	70	71	71	0	0	0	0	0
P	P	71	72	72	0	0	0	0	0
L	L	72	73	73	0	0	0	0	0
R	R	73	74	74	0	0	0	0	0
P	P	74	75	75	0	0	0	0	0
F	F	75	76	76	0	0	0	0	0
T	T	76	77	77	0	0	0	0	0
E	E	77	78	78	0	0	0	0	0
E	E	78	79	79	0	0	0	0	0
E	E	79	80	80	0	0	0	0	0
I	I	80	81	81	0	0	0	0	0
K	K	81	82	82	0	0	0	0	0
I	I	82	83	83	0	0	0	0	0
A	A	83	84	84	0	0	0	0	0
N	N	84	85	85	0	0	0	0	0
V	V	85	86	86	0	0	0	0	0
P	P	86	87	87	0	0	0	0	0
L	L	87	88	88	0	0	0	0	0
S	S	88	89	89	0	0	0	0	0
F	F	89	90	90	0	0	0	0	0
N	N	90	91	91	0	0	0	0	0
E	E	91	92	92	0	0	0	0	0
Y	Y	92	93	93	0	0	0	0	0
L	L	93	94	94	0	0	0	0	0
K	K	94	95	95	0	0	0	0	0
K	K	95	96	96	0	0	0	0	0
H	H	96	97	97	0	0	0	0	0
P	P	97	98	98	0	0	0	0	0
E	E	98	99	99	0	0	0	0	0
V	V	99	100	100	0	0	0	0	0
N	N	100	101	101	0	0	0	0	0
W	W	101	102	102	0	0	0	0	0
G	G	102	103	103	0	0	0	0	0
A	A	103	104	104	0	0	0	0	0
V	V	104	105	105	0	0	0	0	0
E	E	105	106	106	0	0	0	0	0
W	W	106	107	107	0	0	0	0	0
L	L	107	108	108	0	0	0	0	0
F	F	108	109	109	0	0	0	0	0
S	S	109	110	110	0	0	0	0	0
E	E	110	111	111	0	0	0	0	0
V	V	111	112	112	0	0	0	0	0
Y	Y	112	113	113	0	0	0	0	0
L	L	113	114	114	0	0	0	0	0
Y	Y	114	115	115	0	0	0	0	0
R	R	115	116	116	0	0	0	0	0
R	R	116	117	117	0	0	0	0	0
V	V	117	118	118	0	0	0	0	0
N	N	118	119	119	0	0	0	0	0
V	V	119	120	120	0	0	0	0	0
L	L	120	121	121	0	0	0	0	0
F	F	121	122	122	0	0	0	0	0
Q	Q	122	123	123	0	0	0	0	0
R	R	123	124	124	0	0	0	0	0
Q	Q	124	125	125	0	0	0	0	0
C	C	125	126	126	0	0	0	0	0
E	E	126	127	127	0	0	0	0	0
W	W	127	128	128	0	0	0	0	0
A	A	128	129	129	0	0	0	0	0
K	K	129	130	130	0	0	0	0	0
F	F	130	131	131	0	0	0	0	0
D	D	131	132	132	0	0	0	0	0
I	I	132	133	133	0	0	0	0	0
F	F	133	134	134	0	0	0	0	0
N	N	134	135	135	0	0	0	0	0
R	R	135	136	136	0	0	0	0	0
L	L	136	137	137	0	0	0	0	0
K	K	137	138	138	0	0	0	0	0
Q	Q	138	139	139	0	0	0	0	0
S	S	139	140	140	0	0	0	0	0
T	T	140	141	141	0	0	0	0	0
F	F	141	142	142	0	0	0	0	0
E	E	142	143	143	0	0	0	0	0
S	S	143	144	144	0	0	0	0	0
S	S	144	145	145	0	0	0	0	0
F	F	145	146	146	0	0	0	0	0
Y	Y	146	147	147	0	0	0	0	0
G	G	147	148	148	0	0	0	0	0
V	V	148	149	149	0	0	0	0	0
V	V	149	150	150	0	0	0	0	0
E	E	150	151	151	0	0	0	0	0
L	L	151	152	152	0	0	0	0	0
A	A	152	153	153	0	0	0	0	0
L	L	153	154	154	0	0	0	0	0
R	R	154	155	155	0	0	0	0	0
Y	Y	155	156	156	0	0	0	0	0
E	E	156	157	157	0	0	0	0	0
N	N	157	158	158	0	0	0	0	0
L	L	158	159	159	0	0	0	0	0
L	L	159	160	160	0	0	0	0	0
P	P	160	161	161	0	0	0	0	0
Q	Q	161	162	162	0	0	0	0	0
L	L	162	163	163	0	0	0	0	0
R	R	163	164	164	0	0	0	0	0
E	E	164	165	165	0	0	0	0	0
M	M	165	166	166	0	1	1	0	0
K	K	166	167	167	0	0	0	0	0
Q	Q	167	168	168	0	0	0	0	0
N	N	168	169	169	0	0	0	0	0
P	-	169	170	170	1	0	0	0	0
G	-	170	171	171	1	0	0	0	0
N	-	171	172	172	1	0	0	0	0
E	-	172	173	173	1	0	0	0	0
I	-	173	174	174	1	0	0	0	0
D	D	174	175	175	0	0	0	0	0
D	D	175	176	176	0	0	0	0	0
I	I	176	177	177	0	0	0	0	0
L	L	177	178	178	0	0	0	0	0
K	K	178	179	179	0	0	0	0	0
V	V	179	180	180	0	0	0	0	0
L	L	180	181	181	0	0	0	0	0
F	F	181	182	182	0	0	0	0	0
K	K	182	183	183	0	0	0	0	0
E	E	183	184	184	0	0	0	0	0
F	F	184	185	185	0	0	0	0	0
I	I	185	186	186	0	0	0	0	0
E	E	186	187	187	0	0	0	0	0
I	I	187	188	188	0	0	0	0	0
S	S	188	189	189	0	0	0	0	0
L	L	189	190	190	0	0	0	0	0
W	W	190	191	191	0	0	0	0	0
G	G	191	192	192	0	0	0	0	0
N	N	192	193	193	0	0	0	0	0
A	A	193	194	194	0	0	0	0	0
T	T	194	195	195	0	0	0	0	0
D	D	195	196	196	0	0	0	0	0
L	L	196	197	197	0	0	0	0	0
S	S	197	198	198	0	0	0	0	0
L	L	198	199	199	0	0	0	0	0
L	L	199	200	200	0	0	0	0	0
T	T	200	201	201	0	0	0	0	0
N	N	201	202	202	0	0	0	0	0
A	A	202	203	203	0	0	0	0	0
T	T	203	204	204	0	0	0	0	0
L	L	204	205	205	0	0	0	0	0
E	E	205	206	206	0	0	0	0	0
D	D	206	207	207	0	0	0	0	0
I	I	207	208	208	0	0	0	0	0
K	K	208	209	209	0	0	0	0	0
S	S	209	210	210	0	0	0	0	0
I	I	210	211	211	0	0	0	0	0
Q	Q	211	212	212	0	0	0	0	0
G	G	212	213	213	0	0	0	0	0
A	A	213	214	214	0	0	0	0	0
K	K	214	215	215	0	0	0	0	0
A	A	215	216	216	0	0	0	0	0
R	R	216	217	217	0	0	0	0	0
A	A	217	218	218	0	0	0	0	0
A	A	218	219	219	0	0	0	0	0
S	S	219	220	220	0	0	0	0	0
E	E	220	221	221	0	0	0	0	0
S	S	221	222	222	0	0	0	0	0
K	K	222	223	223	0	0	0	0	0
I	I	223	224	224	0	0	0	0	0
V	V	224	225	225	0	0	0	0	0
V	V	225	226	226	0	0	0	0	0
N	N	226	227	227	0	0	0	0	0
D	D	227	228	228	0	0	0	0	0
T	T	228	229	229	0	0	0	0	0
E	E	229	230	230	0	0	0	0	0
K	K	230	231	231	0	0	0	0	0
A	A	231	232	232	0	0	0	0	0
W	W	232	233	233	0	0	0	0	0
E	E	233	234	234	0	0	0	0	0
V	V	234	235	235	0	0	0	0	0
L	L	235	236	236	0	0	0	0	0
T	T	236	237	237	0	0	0	0	0
K	K	237	238	238	0	0	0	0	0
A	A	238	239	239	0	0	0	0	0
R	R	239	240	240	0	0	0	0	0
A	A	240	241	241	0	0	0	0	0
D	D	241	242	242	0	0	0	0	0
A	A	242	243	243	0	0	0	0	0
N	N	243	244	244	0	0	0	0	0
S	S	244	245	245	0	0	0	0	0
R	R	245	246	246	0	0	0	0	0
E	E	246	247	247	0	0	0	0	0
I	I	247	248	248	0	0	0	0	0
R	R	248	249	249	0	0	0	0	0
V	V	249	250	250	0	0	0	0	0
D	D	250	251	251	0	0	0	0	0
F	F	251	252	252	0	0	0	0	0
V	V	252	253	253	0	0	0	0	0
L	L	253	254	254	0	0	0	0	0
D	D	254	255	255	0	0	0	0	0
N	N	255	256	256	0	0	0	0	0
S	S	256	257	257	0	0	0	0	0
G	G	257	258	258	0	0	0	0	0
F	F	258	259	259	0	0	0	0	0
E	E	259	260	260	0	0	0	0	0
L	L	260	261	261	0	0	0	0	0
Y	Y	261	262	262	0	0	0	0	0
A	A	262	263	263	0	0	0	0	0
D	D	263	264	264	0	0	0	0	0
L	L	264	265	265	0	0	0	0	0
M	M	265	266	266	0	1	1	0	0
L	L	266	267	267	0	0	0	0	0
A	A	267	268	268	0	0	0	0	0
A	A	268	269	269	0	0	0	0	0
F	F	269	270	270	0	0	0	0	0
L	L	270	271	271	0	0	0	0	0
L	L	271	272	272	0	0	0	0	0
Q	Q	272	273	273	0	0	0	0	0
S	S	273	274	274	0	0	0	0	0
G	G	274	275	275	0	0	0	0	0
L	L	275	276	276	0	0	0	0	0
A	A	276	277	277	0	0	0	0	0
T	T	277	278	278	0	0	0	0	0
K	K	278	279	279	0	0	0	0	0
C	C	279	280	280	0	0	0	0	0
I	I	280	281	281	0	0	0	0	0
F	F	281	282	282	0	0	0	0	0
H	H	282	283	283	0	0	0	0	0
A	A	283	284	284	0	0	0	0	0
K	K	284	285	285	0	0	0	0	0
D	D	285	286	286	0	0	0	0	0
I	I	286	287	287	0	0	0	0	0
P	P	287	288	288	0	0	0	0	0
Y	Y	288	289	289	0	0	0	0	0
M	M	289	290	290	0	1	1	0	0
V	V	290	291	291	0	0	0	0	0
S	S	291	292	292	0	0	0	0	0
D	D	292	293	293	0	0	0	0	0
V	V	293	294	294	0	0	0	0	0
M	M	294	295	295	0	1	1	0	0
L	L	295	296	296	0	0	0	0	0
K	K	296	297	297	0	0	0	0	0
D	D	297	298	298	0	0	0	0	0
F	F	298	299	299	0	0	0	0	0
D	D	299	300	300	0	0	0	0	0
I	I	300	301	301	0	0	0	0	0
L	L	301	302	302	0	0	0	0	0
V	V	302	303	303	0	0	0	0	0
H	H	303	304	304	0	0	0	0	0
D	D	304	305	305	0	0	0	0	0
L	L	305	306	306	0	0	0	0	0
R	R	306	307	307	0	0	0	0	0
D	D	307	308	308	0	0	0	0	0
R	R	308	309	309	0	0	0	0	0
E	E	309	310	310	0	0	0	0	0
F	F	310	311	311	0	0	0	0	0
F	F	311	312	312	0	0	0	0	0
P	P	312	313	313	0	0	0	0	0
S	S	313	314	314	0	0	0	0	0
G	G	314	315	315	0	0	0	0	0
E	E	315	316	316	0	0	0	0	0
P	P	316	317	317	0	0	0	0	0
S	S	317	318	318	0	0	0	0	0
T	T	318	319	319	0	0	0	0	0
K	K	319	320	320	0	0	0	0	0
E	E	320	321	321	0	0	0	0	0
S	S	321	322	322	0	0	0	0	0
R	R	322	323	323	0	0	0	0	0
A	A	323	324	324	0	0	0	0	0
L	L	324	325	325	0	0	0	0	0
D	D	325	326	326	0	0	0	0	0
L	L	326	327	327	0	0	0	0	0
F	F	327	328	328	0	0	0	0	0
A	A	328	329	329	0	0	0	0	0
G	G	329	330	330	0	0	0	0	0
E	E	330	331	331	0	0	0	0	0
M	M	331	332	332	0	1	1	0	0
E	E	332	333	333	0	0	0	0	0
K	K	333	334	334	0	0	0	0	0
F	F	334	335	335	0	0	0	0	0
V	V	335	336	336	0	0	0	0	0
S	S	336	337	337	0	0	0	0	0
S	S	337	338	338	0	0	0	0	0
G	G	338	339	339	0	0	0	0	0
K	K	339	340	340	0	0	0	0	0
I	I	340	341	341	0	0	0	0	0
E	E	341	342	342	0	0	0	0	0
F	F	342	343	343	0	0	0	0	0
R	R	343	344	344	0	0	0	0	0
E	E	344	345	345	0	0	0	0	0
D	D	345	346	346	0	0	0	0	0
S	S	346	347	347	0	0	0	0	0
F	F	347	348	348	0	0	0	0	0
W	W	348	349	349	0	0	0	0	0
T	T	349	350	350	0	0	0	0	0
T	T	350	351	351	0	0	0	0	0
E	E	351	352	352	0	0	0	0	0
L	L	352	353	353	0	0	0	0	0
D	D	353	354	354	0	0	0	0	0
Y	Y	354	355	355	0	0	0	0	0
W	W	355	356	356	0	0	0	0	0
N	N	356	357	357	0	0	0	0	0
L	L	357	358	358	0	0	0	0	0
D	D	358	359	359	0	0	0	0	0
A	A	359	360	360	0	0	0	0	0
N	N	360	361	361	0	0	0	0	0
E	E	361	362	362	0	0	0	0	0
T	T	362	363	363	0	0	0	0	0
K	K	363	364	364	0	0	0	0	0
Y	Y	364	365	365	0	0	0	0	0
H	H	365	366	366	0	0	0	0	0
G	G	366	367	367	0	0	0	0	0
S	S	367	368	368	0	0	0	0	0
I	I	368	369	369	0	0	0	0	0
L	L	369	370	370	0	0	0	0	0
H	H	370	371	371	0	0	0	0	0
K	K	371	372	372	0	0	0	0	0
D	D	372	373	373	0	0	0	0	0
L	L	373	374	374	0	0	0	0	0
Q	Q	374	375	375	0	0	0	0	0
K	K	375	376	376	0	0	0	0	0
S	S	376	377	377	0	0	0	0	0
N	N	377	378	378	0	0	0	0	0
L	L	378	379	379	0	0	0	0	0
V	V	379	380	380	0	0	0	0	0
I	I	380	381	381	0	0	0	0	0
F	F	381	382	382	0	0	0	0	0
K	K	382	383	383	0	0	0	0	0
G	G	383	384	384	0	0	0	0	0
D	D	384	385	385	0	0	0	0	0
L	L	385	386	386	0	0	0	0	0
N	N	386	387	387	0	0	0	0	0
Y	Y	387	388	388	0	0	0	0	0
R	R	388	389	389	0	0	0	0	0
K	K	389	390	390	0	0	0	0	0
L	L	390	391	391	0	0	0	0	0
T	T	391	392	392	0	0	0	0	0
G	G	392	393	393	0	0	0	0	0
D	D	393	394	394	0	0	0	0	0
R	R	394	395	395	0	0	0	0	0
K	K	395	396	396	0	0	0	0	0
W	W	396	397	397	0	0	0	0	0
P	P	397	398	398	0	0	0	0	0
R	R	398	399	399	0	0	0	0	0
T	T	399	400	400	0	0	0	0	0
T	T	400	401	401	0	0	0	0	0
K	K	401	402	402	0	0	0	0	0
W	W	402	403	403	0	0	0	0	0
E	E	403	404	404	0	0	0	0	0
T	T	404	405	405	0	0	0	0	0
A	A	405	406	406	0	0	0	0	0
I	I	406	407	407	0	0	0	0	0
G	G	407	408	408	0	0	0	0	0
P	P	408	409	409	0	0	0	0	0
L	L	409	410	410	0	0	0	0	0
A	A	410	411	411	0	0	0	0	0
T	T	411	412	412	0	0	0	0	0
N	N	412	413	413	0	0	0	0	0
G	G	413	414	414	0	0	0	0	0
I	I	414	415	415	0	0	0	0	0
T	T	415	416	416	0	0	0	0	0
S	S	416	417	417	0	0	0	0	0
L	L	417	418	418	0	0	0	0	0
S	S	418	419	419	0	0	0	0	0
L	L	419	420	420	0	0	0	0	0
R	R	420	421	421	0	0	0	0	0
T	T	421	422	422	0	0	0	0	0
C	C	422	423	423	0	0	0	0	0
K	K	423	424	424	0	0	0	0	0
A	A	424	425	425	0	0	0	0	0
D	D	425	426	426	0	0	0	0	0
V	V	426	427	427	0	0	0	0	0
Q	Q	427	428	428	0	0	0	0	0
V	V	428	429	429	0	0	0	0	0
A	A	429	430	430	0	0	0	0	0
L	L	430	431	431	0	0	0	0	0
P	P	431	432	432	0	0	0	0	0
E	E	432	433	433	0	0	0	0	0
G	G	433	434	434	0	0	0	0	0
L	L	434	435	435	0	0	0	0	0
D	D	435	436	436	0	0	0	0	0
A	A	436	437	437	0	0	0	0	0
K	K	437	438	438	0	0	0	0	0
L	L	438	439	439	0	0	0	0	0
S	S	439	440	440	0	0	0	0	0
Q	Q	440	441	441	0	0	0	0	0
E	E	441	442	442	0	0	0	0	0
W	W	442	443	443	0	0	0	0	0
E	E	443	444	444	0	0	0	0	0
K	K	444	445	445	0	0	0	0	0
E	E	445	446	446	0	0	0	0	0
N	N	446	447	447	0	0	0	0	0
P	P	447	448	448	0	0	0	0	0
G	G	448	449	449	0	0	0	0	0
R	R	449	450	450	0	0	0	0	0
G	G	450	451	451	0	0	0	0	0
S	S	451	452	452	0	0	0	0	0
W	W	452	453	453	0	0	0	0	0
W	W	453	454	454	0	0	0	0	0
C	C	454	455	455	0	0	0	0	0
C	C	455	456	456	0	0	0	0	0
S	S	456	457	457	0	0	0	0	0
G	G	457	458	458	0	0	0	0	0
K	K	458	459	459	0	0	0	0	0
W	W	459	460	460	0	0	0	0	0
A	A	460	461	461	0	0	0	0	0
V	V	461	462	462	0	0	0	0	0
I	I	462	463	463	0	0	0	0	0
C	C	463	464	464	0	0	0	0	0
F	F	464	465	465	0	0	0	0	0
C	C	465	466	466	0	0	0	0	0
S	S	466	467	467	0	0	0	0	0
G	G	467	468	468	0	0	0	0	0
I	I	468	469	469	0	0	0	0	0
H	-	469	470	470	1	0	0	0	0
K	-	470	471	471	1	0	0	0	0
