seq	RMSF_R1	RMSF_R2	RMSF_R3
H	5.9	4.8	5.24
M	4.12	3.31	3.6
T	1.78	1.81	1.72
I	1.06	0.94	0.95
P	0.87	0.72	0.72
G	0.96	0.7	0.71
R	0.82	0.54	0.56
F	1.02	0.54	0.6
M	1.1	0.58	0.76
T	0.96	0.59	0.94
I	1.11	0.72	1.25
D	1.26	0.78	1.26
K	1.45	0.92	1.44
G	1.57	0.89	1.64
T	1.33	0.72	1.23
F	1.2	0.63	1.04
G	1.03	0.6	0.96
E	1.01	0.61	0.92
Y	1.08	0.64	1.02
T	1.02	0.62	1.02
A	0.9	0.63	0.93
S	1.01	0.76	0.99
T	1.09	0.84	1.08
R	1.03	0.76	0.99
W	0.9	0.61	0.86
P	0.92	0.65	0.86
I	1.02	0.7	0.86
I	0.99	0.67	0.8
I	0.85	0.62	0.7
Q	0.98	0.67	0.76
N	1.1	0.69	0.77
A	0.93	0.65	0.67
I	0.92	0.67	0.68
D	1.13	0.78	0.79
D	1.04	0.75	0.72
L	0.92	0.72	0.67
S	1.13	0.86	0.83
K	1.28	0.99	0.95
H	1.17	0.96	0.88
Q	1.23	0.99	0.93
E	1.47	1.21	1.3
T	1.55	1.32	1.6
E	1.6	1.32	1.53
K	1.8	1.52	2.17
S	1.84	1.6	2.2
N	2.1	1.94	2.54
G	1.85	1.67	2.17
T	1.48	1.3	1.45
K	1.26	1.13	1.18
F	1.3	1.11	1.04
E	1.3	1.11	1.03
Q	1.08	0.95	0.88
G	1.01	0.89	0.78
E	1.1	0.94	0.85
V	0.99	0.9	0.86
I	0.82	0.75	0.69
K	0.93	0.79	0.73
K	0.96	0.84	0.79
E	0.8	0.74	0.7
L	0.77	0.68	0.64
K	0.92	0.77	0.76
E	0.88	0.82	0.79
F	0.79	0.71	0.68
R	0.86	0.74	0.74
Q	0.97	0.87	0.84
E	0.86	0.79	0.8
I	0.87	0.7	0.8
I	0.98	0.89	0.96
D	1.12	0.96	0.94
R	1.01	0.89	0.84
V	0.86	0.84	0.79
P	0.84	0.76	0.79
L	0.77	0.73	0.76
R	0.85	0.93	0.96
P	0.88	0.97	0.85
F	0.85	0.94	0.76
T	1.05	1.16	0.94
E	1.24	1.39	1.08
E	1.23	1.41	1.06
E	0.94	1.17	0.86
I	0.99	1.18	0.92
K	1.25	1.35	1.09
I	1.2	1.3	1.04
A	1.12	1.17	0.9
N	1.16	1.19	0.87
V	0.89	1.02	0.7
P	0.94	1.17	0.88
L	1.19	1.31	1.15
S	1.48	1.15	1.02
F	1.38	0.95	0.82
N	1.28	1.02	1.0
E	1.38	1.15	1.06
Y	1.28	0.96	0.89
L	1.31	0.92	0.95
K	1.73	1.17	1.28
K	1.99	1.21	1.62
H	2.77	1.08	2.22
P	2.73	1.45	2.58
E	1.83	1.48	2.15
V	1.36	0.8	1.09
N	1.39	0.66	1.04
W	1.34	0.64	0.93
G	1.68	0.77	1.16
A	1.61	0.69	1.1
V	1.08	0.59	0.75
E	0.83	0.51	0.52
W	0.81	0.49	0.5
L	0.78	0.54	0.5
F	0.71	0.54	0.49
S	0.7	0.5	0.55
E	0.71	0.52	0.61
V	0.73	0.61	0.52
Y	0.66	0.58	0.52
L	0.64	0.52	0.59
Y	0.66	0.59	0.55
R	0.64	0.69	0.49
R	0.61	0.64	0.51
V	0.64	0.61	0.54
N	0.7	0.73	0.59
V	0.66	0.71	0.6
L	0.66	0.67	0.63
F	0.77	0.79	0.67
Q	0.83	0.87	0.78
R	0.93	0.95	1.15
Q	0.98	1.08	1.16
C	1.2	1.36	1.41
E	1.19	1.25	1.16
W	0.99	0.92	0.71
A	1.04	1.06	0.86
K	1.9	1.17	0.93
F	1.62	0.9	0.67
D	1.56	0.8	0.59
I	1.28	0.67	0.64
F	1.16	0.66	0.64
N	1.13	0.77	0.68
R	1.18	0.85	0.87
L	1.12	0.77	0.74
K	1.02	0.66	0.66
Q	1.04	0.76	0.76
S	1.13	0.81	0.76
T	1.04	0.76	0.67
F	0.79	0.67	0.62
E	0.83	0.79	0.72
S	0.86	0.88	0.74
S	0.74	0.77	0.69
F	0.68	0.82	0.75
Y	0.74	0.8	0.78
G	0.66	0.69	0.68
V	0.56	0.58	0.58
V	0.62	0.58	0.59
E	0.6	0.6	0.63
L	0.53	0.51	0.58
A	0.55	0.5	0.54
L	0.59	0.55	0.59
R	0.59	0.57	0.6
Y	0.57	0.55	0.55
E	0.64	0.61	0.62
N	0.7	0.65	0.68
L	0.71	0.62	0.61
L	0.72	0.66	0.64
P	0.96	0.81	0.8
Q	1.08	0.76	0.84
L	1.01	0.71	0.76
R	1.26	0.84	0.91
E	1.68	0.93	1.12
M	1.75	0.99	1.23
K	1.93	1.06	1.4
Q	2.37	1.31	1.68
N	2.64	1.52	1.82
P	3.46	2.21	2.66
G	2.64	2.08	3.46
N	2.41	1.9	4.04
E	1.97	1.72	3.3
I	1.44	1.19	2.88
D	1.32	1.1	2.53
D	1.25	1.08	1.22
I	1.01	0.76	0.82
L	0.76	0.6	0.6
K	0.63	0.58	0.63
V	0.71	0.56	0.63
L	0.63	0.48	0.54
F	0.56	0.48	0.53
K	0.55	0.48	0.57
E	0.54	0.46	0.54
F	0.5	0.44	0.56
I	0.56	0.46	0.63
E	0.61	0.53	0.65
I	0.63	0.57	0.7
S	0.62	0.58	0.75
L	0.58	0.58	0.69
W	0.66	0.7	0.74
G	0.74	0.83	0.85
N	0.95	1.06	1.08
A	0.92	1.32	1.07
T	0.88	1.23	0.91
D	1.05	1.77	1.06
L	1.01	2.06	1.17
S	1.12	2.64	1.05
L	1.04	2.7	1.36
L	0.9	1.88	1.6
T	0.92	1.76	1.7
N	0.98	1.23	1.61
A	1.22	1.59	1.61
T	1.26	1.52	1.66
L	1.69	1.38	1.63
E	1.48	1.63	1.98
D	1.21	1.33	1.94
I	1.77	0.99	1.56
K	2.09	1.38	2.24
S	1.67	1.38	2.67
I	2.17	1.56	3.29
Q	2.09	1.6	3.3
G	1.61	1.22	2.38
A	1.53	1.14	1.87
K	1.63	1.28	2.15
A	1.46	1.42	2.28
R	1.14	1.38	1.51
A	1.25	1.43	1.44
A	1.25	1.41	1.36
S	1.06	1.17	1.08
E	1.0	1.04	0.94
S	0.97	0.98	0.88
K	0.77	0.8	0.68
I	0.61	0.58	0.57
V	0.65	0.64	0.61
V	0.66	0.55	0.64
N	0.54	0.48	0.53
D	0.52	0.51	0.5
T	0.57	0.61	0.56
E	0.7	0.76	0.66
K	0.67	0.72	0.65
A	0.61	0.67	0.61
W	0.59	0.66	0.58
E	0.71	0.75	0.66
V	0.75	0.82	0.7
L	0.77	0.84	0.73
T	0.75	0.8	0.72
K	0.82	0.84	0.83
A	0.89	0.94	0.89
R	0.91	1.11	0.92
A	0.97	1.15	1.1
D	1.06	1.24	1.19
A	1.41	1.64	1.55
N	1.46	1.69	1.65
S	1.26	1.51	1.49
R	1.55	1.85	1.6
E	1.03	1.09	0.97
I	0.68	0.69	0.68
R	0.53	0.57	0.55
V	0.46	0.48	0.47
D	0.43	0.48	0.44
F	0.43	0.46	0.43
V	0.46	0.52	0.44
L	0.68	0.59	0.57
D	0.58	0.56	0.54
N	0.56	0.56	0.54
S	0.65	0.59	0.48
G	0.73	0.63	0.72
F	0.66	0.53	0.7
E	0.68	0.47	0.7
L	0.59	0.46	0.57
Y	0.49	0.43	0.54
A	0.6	0.41	0.63
D	0.61	0.41	0.61
L	0.54	0.41	0.54
M	0.61	0.41	0.61
L	0.54	0.41	0.55
A	0.52	0.42	0.54
A	0.62	0.44	0.62
F	0.57	0.44	0.56
L	0.56	0.46	0.54
L	0.62	0.47	0.62
Q	0.79	0.54	0.76
S	0.84	0.64	0.75
G	0.84	0.71	0.79
L	0.73	0.67	0.67
A	0.63	0.59	0.63
T	0.61	0.61	0.61
K	0.58	0.58	0.56
C	0.48	0.49	0.51
I	0.47	0.52	0.5
F	0.45	0.51	0.47
H	0.48	0.53	0.46
A	0.64	0.64	0.52
K	0.64	0.78	0.56
D	0.73	0.83	0.57
I	0.84	0.94	0.64
P	0.93	1.06	0.71
Y	0.77	1.21	0.79
M	1.08	1.19	0.65
V	1.38	0.61	0.75
S	0.8	0.71	0.61
D	0.64	0.92	0.5
V	0.67	0.67	0.45
M	0.65	0.86	0.51
L	0.67	0.93	0.61
K	0.71	1.1	0.59
D	0.69	0.88	0.49
F	0.67	0.8	0.53
D	0.7	0.97	0.66
I	0.77	0.98	0.67
L	0.75	0.77	0.61
V	0.76	0.8	0.64
H	0.84	0.91	0.73
D	0.87	0.83	0.74
L	0.96	0.75	0.67
R	1.11	0.92	0.69
D	1.06	1.0	0.79
R	1.26	1.31	1.01
E	1.31	1.63	1.4
F	1.04	1.88	1.6
F	0.82	2.06	1.28
P	1.0	2.72	1.49
S	0.95	3.38	1.48
G	1.28	4.05	1.79
E	1.33	4.42	1.48
P	1.35	4.24	1.43
S	1.38	3.25	1.45
T	1.05	1.6	1.17
K	0.89	1.06	0.96
E	0.75	0.77	0.84
S	0.75	0.8	0.83
R	0.74	0.79	0.8
A	0.64	0.64	0.68
L	0.62	0.61	0.61
D	0.68	0.73	0.66
L	0.66	0.7	0.65
F	0.58	0.63	0.57
A	0.64	0.71	0.59
G	0.72	0.83	0.64
E	0.66	0.76	0.61
M	0.65	0.71	0.61
E	0.73	0.88	0.69
K	0.73	0.92	0.7
F	0.63	0.76	0.62
V	0.69	0.83	0.72
S	0.87	1.05	0.89
S	0.84	1.01	0.83
G	0.78	0.9	0.77
K	0.6	0.68	0.59
I	0.57	0.6	0.57
E	0.6	0.7	0.59
F	0.6	0.72	0.61
R	0.77	0.69	0.65
E	0.68	0.74	0.63
D	0.65	0.71	0.61
S	0.73	0.72	0.65
F	0.63	0.62	0.6
W	0.57	0.58	0.56
T	0.62	0.67	0.54
T	0.62	0.66	0.62
E	0.79	0.74	0.65
L	0.68	0.65	0.59
D	0.62	0.55	0.51
Y	0.64	0.56	0.53
W	0.88	0.67	0.94
N	1.46	1.14	1.42
L	1.15	1.23	1.28
D	1.44	1.45	1.61
A	1.36	1.46	1.3
N	1.56	1.83	1.41
E	1.47	1.77	1.42
T	1.6	1.74	1.88
K	1.56	1.92	1.36
Y	1.58	1.88	1.25
H	1.44	1.6	1.18
G	1.55	1.33	1.02
S	1.49	1.16	0.96
I	1.29	1.17	0.9
L	1.06	0.97	0.79
H	1.02	0.88	0.81
K	1.02	0.89	0.86
D	0.8	0.79	0.76
L	0.77	0.68	0.73
Q	0.92	0.78	0.86
K	0.84	0.79	0.84
S	0.62	0.62	0.61
N	0.54	0.59	0.53
L	0.51	0.52	0.49
V	0.43	0.48	0.42
I	0.4	0.42	0.4
F	0.4	0.43	0.38
K	0.43	0.43	0.39
G	0.47	0.52	0.45
D	0.48	0.48	0.42
L	0.51	0.5	0.4
N	0.43	0.46	0.38
Y	0.46	0.43	0.37
R	0.53	0.42	0.37
K	0.53	0.44	0.42
L	0.56	0.45	0.47
T	0.6	0.47	0.49
G	0.75	0.52	0.5
D	0.69	0.48	0.44
R	0.61	0.56	0.58
K	0.71	0.54	0.58
W	0.63	0.52	0.54
P	0.7	0.58	0.6
R	0.72	0.57	0.61
T	0.86	0.67	0.7
T	0.75	0.64	0.6
K	0.81	0.66	0.65
W	0.67	0.56	0.55
E	0.77	0.64	0.6
T	0.81	0.78	0.65
A	0.64	0.68	0.56
I	0.64	0.6	0.58
G	0.92	0.93	0.85
P	0.92	0.94	1.0
L	0.83	0.8	0.85
A	0.77	0.69	0.62
T	0.89	0.85	0.9
N	0.88	0.79	0.79
G	1.04	0.83	1.3
I	0.67	0.63	0.73
T	0.52	0.52	0.5
S	0.48	0.5	0.44
L	0.42	0.43	0.4
S	0.43	0.42	0.44
L	0.47	0.42	0.46
R	0.51	0.45	0.47
T	0.63	0.53	0.54
C	0.73	0.55	0.61
K	0.81	0.55	0.7
A	0.79	0.51	0.76
D	0.93	0.55	0.88
V	0.86	0.51	0.72
Q	0.71	0.49	0.56
V	0.68	0.49	0.54
A	0.74	0.57	0.62
L	0.83	0.62	0.68
P	1.13	0.85	0.93
E	1.18	0.93	0.99
G	1.23	0.98	1.05
L	1.04	0.79	0.87
D	0.94	0.75	0.8
A	1.11	0.91	0.93
K	1.14	0.87	0.95
L	1.02	0.74	0.84
S	1.07	0.75	0.89
Q	1.3	0.95	1.09
E	1.33	0.97	1.08
W	1.23	0.83	0.97
E	1.44	1.0	1.18
K	1.69	1.28	1.46
E	1.81	1.35	1.51
N	1.82	1.41	1.6
P	2.03	2.16	2.41
G	2.39	2.47	2.78
R	2.0	1.16	1.52
G	2.07	0.97	1.21
S	1.49	0.87	1.03
W	1.06	0.67	0.88
W	0.92	0.68	0.75
C	0.82	0.57	0.71
C	0.86	0.57	0.7
S	1.0	0.72	0.76
G	0.92	0.72	0.74
K	0.86	0.71	0.69
W	0.67	0.6	0.56
A	0.57	0.53	0.51
V	0.54	0.46	0.48
I	0.48	0.42	0.46
C	0.48	0.44	0.47
F	0.47	0.43	0.45
C	0.55	0.49	0.49
S	0.63	0.98	0.69
G	1.22	1.64	1.36
I	2.91	2.42	2.11
H	4.06	2.94	3.59
K	5.71	3.56	5.25
