fasta_seq	RMSF	Bfactor	BfactorZscore	Neq
S	6.416666666666667			1.0
R	4.38			1.0
T	2.77			2.112
D	1.8366666666666667	15.61	2.492793182994788	1.5519999999999998
R	1.2433333333333332	10.93	0.5949499985442437	1.2976666666666665
L	1.0133333333333334	9.17	-0.1187688058645081	1.1236666666666668
E	1.25	9.45	-0.005222632435843291	1.0199999999999998
V	1.0933333333333335	8.0	-0.5932296019771442	1.0086666666666666
C	1.1133333333333333	6.21	-1.3191140678246815	1.0
R	1.5333333333333332	7.58	-0.7635488621201417	1.005
E	1.2033333333333334	7.5	-0.7959906259569033	1.0
Y	1.43	7.23	-0.9054815789059729	1.0036666666666667
Q	2.0433333333333334	7.67	-0.7270518778037852	1.6683333333333332
R	2.1566666666666667	9.03	-0.17554189257884084	2.382
G	2.5433333333333334	11.57	0.8544841092383354	2.8049999999999997
N	2.91	12.72	1.3208344643917813	2.449666666666667
C	2.243333333333333	9.38	-0.03360917579300895	2.3466666666666667
N	2.8266666666666667	10.32	0.34758154928893786	3.5643333333333334
R	2.53	9.11	-0.1431001287420794	3.266666666666667
G	3.0100000000000002	7.58	-0.7635488621201417	2.985
E	2.606666666666667	8.03	-0.581063940538359	1.8043333333333333
N	2.6133333333333333	7.07	-0.9703651065794959	1.1683333333333332
D	2.6733333333333333	7.34	-0.8608741536304262	2.6026666666666665
C	2.026666666666667	6.55	-1.1812365715184454	2.7456666666666667
R	1.7	6.35	-1.2623409811103492	1.7329999999999999
F	1.1433333333333333	7.42	-0.8284323897936647	1.4580000000000002
A	1.0166666666666666	7.18	-0.9257576813039492	1.0076666666666665
H	1.0433333333333332	6.8	-1.079856059528566	1.2733333333333332
P	1.1900000000000002	7.71	-0.7108309958854044	1.5303333333333333
A	1.3133333333333332	7.11	-0.9541442246611151	1.8840000000000001
D	1.5599999999999998	8.46	-0.40668945991576555	1.9353333333333331
S	1.3233333333333333	10.57	0.4489620612788174	2.427
T	1.06	9.14	-0.1309344673032934	1.6780000000000002
M	1.0966666666666667	9.86	0.1610414072275592	1.186
I	0.9866666666666667	10.47	0.4084098564828657	1.0056666666666665
D	1.1366666666666667	10.96	0.6071156599830296	1.0076666666666665
T	1.8500000000000003	13.66	1.7020251894737282	1.0090000000000001
N	1.9400000000000002	14.91	2.208927749423126	1.67
D	1.6266666666666667	12.4	1.1910674090447355	1.0
N	1.2933333333333332	9.57	0.04344001331929928	1.0
T	1.03	8.82	-0.2607015226503393	1.0
V	0.88	7.4	-0.836542830752855	1.5259999999999998
T	0.98	6.74	-1.104187382406137	1.0
V	0.9199999999999999	7.31	-0.8730398150692118	1.0010000000000001
C	1.0366666666666666	7.92	-0.6256713658139057	1.0
M	1.5066666666666666	9.49	0.010998249482537806	1.0
D	1.4566666666666668	9.83	0.14887574578877388	1.0
Y	1.4033333333333333	9.27	-0.07821660106855644	1.0
I	1.8099999999999998	10.33	0.3516367697685329	1.0336666666666667
K	1.9566666666666668	11.01	0.6273917623810051	1.3003333333333333
G	1.97	9.79	0.1326548638703928	1.38
R	2.0500000000000003	10.94	0.5990052190238387	1.466
C	2.0833333333333335	9.49	0.010998249482537806	2.4726666666666666
S	2.9599999999999995	13.11	1.4789880630959928	1.774333333333333
R	2.6199999999999997	14.37	1.9899458435249857	1.4573333333333334
E	3.103333333333333	16.85	2.9956405224645914	2.311666666666667
K	2.4966666666666666	14.18	1.9128966544126773	3.633333333333333
C	1.4866666666666666	11.16	0.688220069574933	2.510333333333333
K	1.3533333333333335	11.62	0.8747602116363109	1.5879999999999999
Y	1.0633333333333332	6.68	-1.1285187052837082	1.5523333333333333
F	0.9733333333333333	6.58	-1.16907091007966	1.2976666666666665
H	1.1033333333333335	7.38	-0.8446532717120455	1.0010000000000001
P	1.25	7.14	-0.9419785632223299	1.0079999999999998
P	1.4333333333333333	8.17	-0.5242908538240262	1.0003333333333333
A	2.14	8.27	-0.4837386490280745	1.0016666666666667
H	2.5733333333333337	8.11	-0.5486221767015974	1.3446666666666667
L	2.7266666666666666	7.99	-0.5972848224567393	3.6703333333333337
Q	3.7000000000000006	10.57	0.4489620612788174	3.098333333333333
A	5.28	13.41	1.6006446774838485	1.0
K	6.789999999999999			1.0
